
INSERT INTO Airlines (id, name,  country) VALUES
(1, 'Аэрофлот',  'Россия'),
(2, 'Сверсталь', 'Россия'),
(3, 'Уральские авиалинии', 'Россия'),
(4, 'Победа','Россия'),
(5, 'Михайловка', 'Россия'),
(6, 'Абакан', 'Россия'),
(7, 'Кубань', 'Россия'),
(8, 'Раменское', 'Россия'),
(9, 'Аврора', 'Россия'),
(10, 'Восток', 'Россия'),
(11, 'Сибирь', 'Россия');
INSERT INTO Airplane (id, airlines_id, model, number_registration, number_seats, number_serial, date_manufacture, operation_period, ready_departure) VALUES
(1, 1, 'Aerobus A320', 'RA-12345', '180', 'A320-0001', '2015-06-15', '10 лет', 'Да'),
(2, 2, 'Boeing 737', 'RA-54321', '200', '737-0002', '2016-02-20', '9 лет', 'Да'),
(3, 1, 'Boeing 777', 'RA-11111', '300', '777-0003', '2014-05-25', '11 лет', 'Нет'),
(4, 3, 'Airbus A321', 'RA-22222', '220', 'A321-0004', '2018-03-15', '7 лет', 'Да'),
(5, 4, 'Boeing 747', 'RA-33333', '400', '747-0005',  '2010-08-10', '13 лет', 'Нет'),
(6, 5, 'Сухой Суперджет 100', 'RA-44444', '100', 'SSJ100-0006',  '2013-01-30', '10 лет', 'Да'),
(7, 2, 'Embraer 170', 'RA-55555', '80', 'EMB-0007',  '2015-09-12', '8 лет', 'Да'),
(8, 6, 'Airbus A319', 'RA-66666', '160', 'A319-0008',  '2019-07-15', '6 лет', 'Нет'),
(9, 7, 'McDonnell Douglas MD-83', 'RA-77777', '200', 'MD83-0009',  '2011-12-01', '12 лет', 'Да'),
(10, 8, 'Boeing 757', 'RA-88888', '240', '757-0010',  '2012-11-11', '11 лет', 'Нет'),
(11, 5, 'Airbus A220', 'RA-99999', '120', 'A220-0011',  '2020-08-08', '3 года', 'Да');
INSERT INTO Passengers (id, name, surname, patronymic, age, date_dirth, address, phone_number, passport_series, passport_number, loyalty_status) VALUES
(1, 'Иван', 'Иванов', 'Иванович', '30', '1993-01-01', 'Москва, ул. Ленина, 10', '+7(999)000-00-01', '45 99', '123456', 'Бронзовый'),
(2, 'Сергей', 'Сергеев', 'Сергеевич', '25', '1998-05-05', 'Москва, ул. Пушкина, 5', '+7(999)000-00-02', '23 45', '654321', 'Серебряный'),
(3, 'Анна', 'Зайцева', 'Петровна', '35', '1988-03-15', 'Москва, ул. Чехова, 15', '+7(999)000-00-03', '11 22', '987654', 'Золотой'),
(4, 'Елена', 'Петрова', 'Алексеевна', '40', '1983-07-20', 'Санкт-Петербург, ул. Маяковского, 20', '+7(999)000-00-04', '99 88', '876543', 'Бронзовый'),
(5, 'Алексей', 'Алексеев', 'Михайлович', '28', '1995-09-27', 'Казань, ул. Сверчкова, 30', '+7(999)000-00-05', '22 33', '456789', 'Серебряный'),
(6, 'Дмитрий', 'Дмитриев', 'Игоревич', '45', '1978-12-12', 'Екатеринбург, ул. Ломоносова, 40', '+7(999)000-00-06', '44 55', '321654', 'Золотой'),
(7, 'Ольга', 'Волкова', 'Сергеевна', '32', '1991-02-02', 'Нижний Новгород, ул. Светлогорская, 50', '+7(999)000-00-07', '33 66', '159753', 'Бронзовый'),
(8, 'Мария', 'Сидорова', 'Вадимовна', '29', '1994-08-04', 'Самара, ул. Полевая, 60', '+7(999)000-00-08', '11 11', '357913', 'Серебряный'),
(9, 'Андрей', 'Кузнецов', 'Викторович', '49', '1974-10-10', 'Красноярск, ул. Красная, 70', '+7(999)000-00-09', '88 77', '963852', 'Золотой'),
(10, 'Наталья', 'Лебедева', 'Станиславовна', '22', '2001-04-04', 'Челябинск, ул. Тимирязева, 80', '+7(999)000-00-10', '22 44', '258147', 'Бронзовый'),
(11, 'Светлана', 'Тихонова', 'Олеговна', '37', '1986-06-06', 'Омск, ул. Комсомольская, 90', '+7(999)000-00-11', '99 11', '147258', 'Серебряный');
INSERT INTO Flights (id, airplane_id, number_flights, departure_date, arrival_date, departure_time, arrival_time, status_flight) VALUES 
(1, 1, '6', '2024-03-10', '2024-03-10', '08:00', '10:00', 'Выполнен'), 
(2, 2, '7', '2024-03-11', '2024-03-11', '09:00', '11:00', 'Выполнен'), 
(3, 3, '8', '2024-03-12', '2024-03-12', '10:00', '12:00', 'Отменён'), 
(4, 4, '9', '2024-03-13', '2024-03-13', '11:00', '13:00', 'Выполнен'), 
(5, 5, '10', '2024-03-14', '2024-03-14', '12:00', '14:00', 'Выполнен'), 
(6, 6, '11', '2024-03-15', '2024-03-15', '13:00', '15:00', 'Выполнен'), 
(7, 7, '15', '2024-03-16', '2024-03-16', '14:00', '16:00', 'Выполнен'), 
(8, 8, '16', '2024-03-17', '2024-03-17', '15:00', '17:00', 'Выполнен'), 
(9, 9, '17', '2024-03-18', '2024-03-18', '16:00', '18:00', 'Задержан'), 
(10, 10, '18', '2024-03-19', '2024-03-19', '17:00', '19:00', 'Выполнен'), 
(11, 11, '19', '2024-03-20', '2024-03-20', '18:00', '20:00', 'Выполнен');
INSERT INTO Tickets (id, passanger_id, flight_id, name_ticket, price, status_ticket, number_place) VALUES
(1, 1, 1, 'Билет №001', '5000', 'Подтверждён', '12'),
(2, 2, 2, 'Билет №002', '4500', 'Подтверждён', '14'),
(3, 3, 3, 'Билет №003', '5500', 'Отменён', '15'),
(4, 4, 4, 'Билет №004', '6000', 'Подтверждён', '18'),
(5, 5, 5, 'Билет №005', '6200', 'Подтверждён', '20'),
(6, 6, 6, 'Билет №006', '5800', 'Подтверждён', '22'),
(7, 7, 7, 'Билет №007', '5300', 'Подтверждён', '24'),
(8, 8, 8, 'Билет №008', '7400', 'Подтверждён', '26'),
(9, 9, 9, 'Билет №009', '8000', 'Задержан', '28'),
(10, 10, 10, 'Билет №010', '8900', 'Подтверждён', '30'),
(11, 11, 11, 'Билет №011', '9200', 'Подтверждён', '32');
INSERT INTO personnel (id, name, surname, patronymic, age, Date_birth, address, phone_number, post, airlines_id) VALUES
(1, 'Евгений', 'Сергеев', 'Александрович', '34', '1989-01-01', 'Москва, ул. Грушина, 15', '+7(999)123-45-01', 'Пилот', 1),
(2, 'Антон', 'Иванов', 'Станиславович', '29', '1994-02-02', 'Казань, ул. Ярославская, 25', '+7(999)123-45-02', 'Бортинженер', 2),
(3, 'Олег', 'Конев', 'Петрович', '40', '1983-03-03', 'Сочи, ул. Солнечная, 35', '+7(999)123-45-03', 'Диспетчер', 3),
(4, 'Анастасия', 'Ильина', 'Викторовна', '26', '1997-04-04', 'Екатеринбург, ул. Невская, 45', '+7(999)123-45-04', 'Стюардесса', 4),
(5, 'Ирина', 'Петренко', 'Дмитриевна', '31', '1992-05-05', 'Калуга, ул. Рабочая, 55', '+7(999)123-45-05', 'Пилот', 5),
(6, 'Станислав', 'Романов', 'Игоревич', '38', '1985-06-06', 'Тверь, ул. Центральная, 65', '+7(999)123-45-06', 'Механик', 6),
(7, 'Елена', 'Козлова', 'Анатольевна', '45', '1978-07-07', 'Челябинск, ул. Строителей, 75', '+7(999)123-45-07', 'Бортинженер', 7),
(8, 'Павел', 'Григорьев', 'Юрьевич', '33', '1990-08-08', 'Волгоград, ул. Приморская, 85', '+7(999)123-45-08', 'Пилот', 8),
(9, 'Светлана', 'Осипова', 'Фёдоровна', '48', '1975-09-09', 'Рязань, ул. Лесная, 95', '+7(999)123-45-09', 'Диспетчер', 3),
(10, 'Константин', 'Морозов', 'Станиславович', '30', '1993-10-10', 'Кострома, ул. Вишнёвая, 105', '+7(999)123-45-10', 'Стюард', 9),
(11, 'Яна', 'Лазарева', 'Валерьевна', '36', '1987-11-11', 'Тула, ул. Ладожская, 115', '+7(999)123-45-11', 'Бортинженер', 2);
INSERT INTO security_checks (id, data, start_time, end_time, result, id_flights) VALUES
(1, '2024-03-10', '06:00', '06:30', 'Успешно', 1),
(2, '2024-03-11', '07:00', '07:30', 'Успешно', 2),
(3, '2024-03-12', '08:00', '08:30', 'Неудачно', 3),
(4, '2024-03-13', '09:00', '09:30', 'Успешно', 4),
(5, '2024-03-14', '10:00', '10:30', 'Успешно', 5),
(6, '2024-03-15', '11:00', '11:30', 'Успешно', 6),
(7, '2024-03-16', '12:00', '12:30', 'Неудачно', 7),
(8, '2024-03-17', '13:00', '13:30', 'Успешно', 8),
(9, '2024-03-18', '14:00', '14:30', 'Неудачно', 9),
(10, '2024-03-19', '15:00', '15:30', 'Успешно', 10),
(11, '2024-03-20', '16:00', '16:30', 'Успешно', 11);
INSERT INTO Reports (id, data, type_reports, content, airlines_id) VALUES
(1, '2024-03-01', 'Ежемесячный отчет', 'Отчет за февраль 2024 года', 1),
(2, '2024-03-05', 'Аварийный отчет', 'Аварийная ситуация на рейсе SU101', 1),
(3, '2024-03-15', 'Экономический отчет', 'Анализ прибыли за январь-февраль 2024', 2),
(4, '2024-03-20', 'Ежегодный отчет', 'Отчет за 2023 год', 3),
(5, '2024-03-25', 'Безопасность', 'Общие показатели безопасности за первое полугодие', 4),
(6, '2024-04-01', 'Разработка', 'Новая стратегия развития на 2024-2025 гг.', 5),
(7, '2024-04-10', 'Кадры', 'Отчет по кадровым изменениям', 6),
(8, '2024-04-15', 'Выявление рисков', 'Анализ возможных рисков в 2024', 7),
(9, '2024-04-20', 'Планирование', 'Планируемые рейсы на лето 2024', 8),
(10, '2024-04-25', 'Анализ', 'Анализ службы бортпитания', 9),
(11, '2024-04-30', 'Финансовый', 'Финансовые результаты за 2022-2024', 10);
INSERT INTO Place (id, id_flights, place_departure, place_arrival) VALUES
(1, 1, 'Москва', 'Сочи'),
(2, 2, 'Санкт-Петербург', 'Череповец'),
(3, 3, 'Екатеринбург', 'Сочи'),
(4, 4, 'Казань', 'Москва'),
(5, 5, 'Сочи', 'Красноярск'),
(6, 6, 'Челябинск', 'Тула'),
(7, 7, 'Нижний Новгород', 'Самара'),
(8, 8, 'Тула', 'Москва'),
(9, 9, 'Волгоград', 'Нижний Новгород'),
(10, 10, 'Калуга', 'Санкт-Петербург'),
(11, 11, 'Омск', 'Екатеринбург');
INSERT INTO Salary (id, id_personnel, work_experience, qualification) VALUES
(1, 1, '10 лет', 'Высшее'),
(2, 2, '5 лет', 'Среднее специальное'),
(3, 3, '15 лет', 'Высшее'),
(4, 4, '3 года', 'Среднее'),
(5, 5, '7 лет', 'Высшее'),
(6, 6, '12 лет', 'Среднее специальное'),
(7, 7, '20 лет', 'Высшее'),
(8, 8, '4 года', 'Среднее специальное'),
(9, 9, '9 лет', 'Высшее'),
(10, 10, '14 лет', 'Среднее специальное'),
(11, 11, '8 лет', 'Высшее');
INSERT INTO Loyality_Status (id, passengers_id, scores, level, dateLast_update) VALUES
(1, 1, '1000', 'Бронзовый', '2024-02-01'),
(2, 2, '2500', 'Серебряный', '2024-02-01'),
(3, 3, '4000', 'Золотой', '2024-02-01'),
(4, 4, '1500', 'Бронзовый', '2024-02-01'),
(5, 5, '3000', 'Серебряный', '2024-02-01'),
(6, 6, '5000', 'Золотой', '2024-02-01'),
(7, 7, '1200', 'Бронзовый', '2024-02-01'),
(8, 8, '3200', 'Серебряный', '2024-02-01'),
(9, 9, '4500', 'Золотой', '2024-02-01'),
(10, 10, '1100', 'Бронзовый', '2024-02-01'),
(11, 11, '2800', 'Серебряный', '2024-02-01');
INSERT INTO Employees (id, name, surname,  patronymic, position, hire_date, termination_date, status) VALUES 
(1, ' Иван', 'Иванов', 'Иванович', 'Менеджер', '2020-01-15', NULL, 'Работает'), 
(2, ' Петр', 'Петров', 'Петрович','Разработчик', '2019-03-20', NULL, 'Работает'), 
(3, ' Михаил', 'Смирнов', 'Николаевич','Дизайнер', '2021-06-10', NULL, 'Работает'), 
(4, ' Николай','Афанасьев', 'Евгеньевич','Аналитик', '2018-08-25', '2023-05-30', 'Уволен'), 
(5, ' Анна','Смирнова','Васильевна', 'HR-менеджер', '2022-02-01', NULL, 'Работает'), 
(6, ' Сергей','Яблоков','Анатольевич', 'Тестировщик', '2020-11-14', NULL, 'Работает'), 
(7, ' Ольга','Яковлева','Анатольевна', 'Разработчик', '2019-12-05', NULL, 'Работает'), 
(8, ' Алексей','Федоров','Александрович', 'Системный администратор', '2021-01-18', NULL, 'Работает'), 
(9, 'Дмитрий','Поздняков','Антонович', 'Менеджер по продажам', '2017-07-22', '2022-09-15', 'Уволен'), 
(10, ' Мария','Федорова','Сергеевна', 'Маркетолог', '2023-04-10', NULL, 'Работает'), 
(11, ' Игорь','Прокофьев','Михайлович', 'Бухгалтер', '2022-09-12', NULL, 'Работает');